	MGP_PahariEiJ_T0029934	MGP_CAROLIEiJ_T0026021
MGP_PahariEiJ_T0029934	1.0	0.9727793696275072
MGP_CAROLIEiJ_T0026021	0.9727793696275072	1.0
