,YCL051W_mRNA,YDR528W_mRNA
YCL051W_mRNA,1.0,0.37670858392564244
YDR528W_mRNA,0.37670858392564244,1.0
