,YLL002W_mRNA,YDL237W_mRNA
YLL002W_mRNA,1.0,0.36780013879250517
YDL237W_mRNA,0.36780013879250517,1.0
