	MGP_SPRETEiJ_T0082955	MGP_SPRETEiJ_T0082954	ENSLOCT00000000334	MGP_SPRETEiJ_T0082956	MGP_SPRETEiJ_T0082953	MGP_SPRETEiJ_T0082952	ENSODET00000024325	ENSODET00000024324
MGP_SPRETEiJ_T0082955	1.0	1.0	0.13484271689040273	0.2426367461430575	0.26728110599078336	0.9843718693648568	0.7757964335804448	0.2306151071929473
MGP_SPRETEiJ_T0082954	1.0	1.0	0.13484271689040273	0.2426367461430575	0.26728110599078336	0.9843718693648568	0.7757964335804448	0.2306151071929473
ENSLOCT00000000334	0.13484271689040273	0.13484271689040273	1.0	0.8112602684832699	0.8036465638148668	0.11921458625525948	0.10118212783009416	0.8112602684832699
MGP_SPRETEiJ_T0082956	0.2426367461430575	0.2426367461430575	0.8112602684832699	1.0	0.975355640152274	0.2270086155079143	0.19755560008014428	0.9879783610498898
MGP_SPRETEiJ_T0082953	0.26728110599078336	0.26728110599078336	0.8036465638148668	0.975355640152274	1.0	0.2516529753556401	0.2197956321378481	0.963334001202164
MGP_SPRETEiJ_T0082952	0.9843718693648568	0.9843718693648568	0.11921458625525948	0.2270086155079143	0.2516529753556401	1.0	0.7601683029453016	0.21498697655780408
ENSODET00000024325	0.7757964335804448	0.7757964335804448	0.10118212783009416	0.19755560008014428	0.2197956321378481	0.7601683029453016	1.0	0.2095772390302545
ENSODET00000024324	0.2306151071929473	0.2306151071929473	0.8112602684832699	0.9879783610498898	0.963334001202164	0.21498697655780408	0.2095772390302545	1.0
