	MGP_PahariEiJ_T0088879	MGP_SPRETEiJ_T0094991	ENSMUST00000071885
MGP_PahariEiJ_T0088879	1.0	0.9373153921890384	0.8647850344601247
MGP_SPRETEiJ_T0094991	0.9373153921890384	1.0	0.915326550705612
ENSMUST00000071885	0.8647850344601247	0.915326550705612	1.0
