	MGP_SPRETEiJ_T0066666	ENSMSIT00000014939
MGP_SPRETEiJ_T0066666	1.0	0.986254295532646
ENSMSIT00000014939	0.986254295532646	1.0
