	YDR178W_mRNA	YLR164W_mRNA
YDR178W_mRNA	1.0	0.5402930402930403
YLR164W_mRNA	0.5402930402930403	1.0
