,YNR023W_mRNA,YCR052W_mRNA
YNR023W_mRNA,1.0,0.4042672655811341
YCR052W_mRNA,0.4042672655811341,1.0
