,ENSRNOT00000068533,ENSMUGT00000005170,MGP_PahariEiJ_T0043276,MGP_CAROLIEiJ_T0039929,ENSMUST00000023710,MGP_SPRETEiJ_T0041766
ENSRNOT00000068533,1.0,0.9233692210259657,0.9594680177327423,0.9499683343888538,0.9531348955034832,0.9537682077264091
ENSMUGT00000005170,0.9233692210259657,1.0,0.915769474350855,0.9145028499050032,0.9119696010132996,0.9176694110196327
MGP_PahariEiJ_T0043276,0.9594680177327423,0.915769474350855,1.0,0.9683343888537049,0.9683343888537049,0.9721342621912603
MGP_CAROLIEiJ_T0039929,0.9499683343888538,0.9145028499050032,0.9683343888537049,1.0,0.9791006966434452,0.9829005699810006
ENSMUST00000023710,0.9531348955034832,0.9119696010132996,0.9683343888537049,0.9791006966434452,1.0,0.9917669411019633
MGP_SPRETEiJ_T0041766,0.9537682077264091,0.9176694110196327,0.9721342621912603,0.9829005699810006,0.9917669411019633,1.0
