,ENSMSIT00000017958,MGP_CAROLIEiJ_T0042161,ENSMUST00000165580,MGP_PahariEiJ_T0029518,ENSRNOT00000071257,MGP_SPRETEiJ_T0044057,ENSMUGT00000003369
ENSMSIT00000017958,1.0,0.9644012944983819,0.9692556634304207,0.9498381877022654,0.8883495145631068,0.9870550161812298,0.8495145631067961
MGP_CAROLIEiJ_T0042161,0.9644012944983819,1.0,0.9660194174757282,0.9563106796116505,0.8964401294498382,0.9741100323624595,0.8559870550161812
ENSMUST00000165580,0.9692556634304207,0.9660194174757282,1.0,0.948220064724919,0.8851132686084142,0.9692556634304207,0.8495145631067961
MGP_PahariEiJ_T0029518,0.9498381877022654,0.9563106796116505,0.948220064724919,1.0,0.8964401294498382,0.959546925566343,0.8543689320388349
ENSRNOT00000071257,0.8883495145631068,0.8964401294498382,0.8851132686084142,0.8964401294498382,1.0,0.8980582524271845,0.8365695792880259
MGP_SPRETEiJ_T0044057,0.9870550161812298,0.9741100323624595,0.9692556634304207,0.959546925566343,0.8980582524271845,1.0,0.8576051779935275
ENSMUGT00000003369,0.8495145631067961,0.8559870550161812,0.8495145631067961,0.8543689320388349,0.8365695792880259,0.8576051779935275,1.0
