	YPL280W_mRNA	YMR322C_mRNA	YOR391C_mRNA	YDR533C_mRNA
YPL280W_mRNA	1.0	0.9943977591036416	0.9943977591036416	0.6778711484593838
YMR322C_mRNA	0.9943977591036416	1.0	0.9887955182072831	0.6778711484593838
YOR391C_mRNA	0.9943977591036416	0.9887955182072831	1.0	0.6792717086834734
YDR533C_mRNA	0.6778711484593838	0.6778711484593838	0.6792717086834734	1.0
