	ENSMUST00000179384	MGP_CAROLIEiJ_T0041320	MGP_SPRETEiJ_T0043199	MGP_PahariEiJ_T0028708	ENSMUGT00000037181	ENSRNOT00000079753
ENSMUST00000179384	1.0	0.9624413145539906	0.9788732394366196	0.931924882629108	0.8380281690140845	0.8732394366197183
MGP_CAROLIEiJ_T0041320	0.9624413145539906	1.0	0.955399061032864	0.9178403755868544	0.8192488262910798	0.8615023474178404
MGP_SPRETEiJ_T0043199	0.9788732394366196	0.955399061032864	1.0	0.9248826291079812	0.8262910798122066	0.8708920187793427
MGP_PahariEiJ_T0028708	0.931924882629108	0.9178403755868544	0.9248826291079812	1.0	0.8356807511737089	0.8685446009389671
ENSMUGT00000037181	0.8380281690140845	0.8192488262910798	0.8262910798122066	0.8356807511737089	1.0	0.8169014084507042
ENSRNOT00000079753	0.8732394366197183	0.8615023474178404	0.8708920187793427	0.8685446009389671	0.8169014084507042	1.0
