	YCR095C_mRNA	YNL056W_mRNA	YNL032W_mRNA	YNL099C_mRNA	ENSCMIT00000018882	YDR067C_mRNA
YCR095C_mRNA	1.0	0.4405637254901961	0.4859068627450979	0.4528186274509805	0.19301470588235287	0.4589460784313726
YNL056W_mRNA	0.4405637254901961	1.0	0.5147058823529411	0.5245098039215687	0.3474264705882353	0.7383578431372549
YNL032W_mRNA	0.4859068627450979	0.5147058823529411	1.0	0.6838235294117647	0.2996323529411764	0.5018382352941176
YNL099C_mRNA	0.4528186274509805	0.5245098039215687	0.6838235294117647	1.0	0.352328431372549	0.5098039215686274
ENSCMIT00000018882	0.19301470588235287	0.3474264705882353	0.2996323529411764	0.352328431372549	1.0	0.3241421568627452
YDR067C_mRNA	0.4589460784313726	0.7383578431372549	0.5018382352941176	0.5098039215686274	0.3241421568627452	1.0
