,ENSMSIT00000013948,MGP_PahariEiJ_T0023276,MGP_SPRETEiJ_T0091213
ENSMSIT00000013948,1.0,0.9337121212121212,0.4318181818181819
MGP_PahariEiJ_T0023276,0.9337121212121212,1.0,0.4109848484848485
MGP_SPRETEiJ_T0091213,0.4318181818181819,0.4109848484848485,1.0
