	MGP_SPRETEiJ_T0094727	MGP_PahariEiJ_T0088625	ENSMSIT00000005893	ENSMUST00000115553
MGP_SPRETEiJ_T0094727	1.0	0.9634146341463414	0.9796747967479674	0.975609756097561
MGP_PahariEiJ_T0088625	0.9634146341463414	1.0	0.951219512195122	0.9471544715447154
ENSMSIT00000005893	0.9796747967479674	0.951219512195122	1.0	0.9878048780487804
ENSMUST00000115553	0.975609756097561	0.9471544715447154	0.9878048780487804	1.0
