	ENSMSIT00000021994	MGP_SPRETEiJ_T0066777	ENSMUGT00000008088	ENSMSIT00000021984	MGP_CAROLIEiJ_T0064280	MGP_PahariEiJ_T0079374
ENSMSIT00000021994	1.0	0.3717357910906298	0.4024577572964669	0.5683563748079877	0.36712749615975415	0.3701996927803379
MGP_SPRETEiJ_T0066777	0.3717357910906298	1.0	0.8164362519201229	0.6420890937019971	0.9823348694316436	0.967741935483871
ENSMUGT00000008088	0.4024577572964669	0.8164362519201229	1.0	0.4800307219662059	0.8118279569892473	0.8149001536098309
ENSMSIT00000021984	0.5683563748079877	0.6420890937019971	0.4800307219662059	1.0	0.6305683563748079	0.6159754224270353
MGP_CAROLIEiJ_T0064280	0.36712749615975415	0.9823348694316436	0.8118279569892473	0.6305683563748079	1.0	0.9623655913978496
MGP_PahariEiJ_T0079374	0.3701996927803379	0.967741935483871	0.8149001536098309	0.6159754224270353	0.9623655913978496	1.0
