,ENSMUGT00000020068,MGP_PahariEiJ_T0017690,ENSRNOT00000024157,ENSMSIT00000041430,MGP_CAROLIEiJ_T0080851,ENSMUST00000178124,MGP_SPRETEiJ_T0084221
ENSMUGT00000020068,1.0,0.9047619047619048,0.9168831168831169,0.8987012987012987,0.8995670995670996,0.9004329004329005,0.8995670995670996
MGP_PahariEiJ_T0017690,0.9047619047619048,1.0,0.9497835497835497,0.9679653679653679,0.9714285714285714,0.9662337662337662,0.9714285714285714
ENSRNOT00000024157,0.9168831168831169,0.9497835497835497,1.0,0.9515151515151515,0.9506493506493506,0.9515151515151515,0.9497835497835497
ENSMSIT00000041430,0.8987012987012987,0.9679653679653679,0.9515151515151515,1.0,0.9800865800865801,0.9948051948051948,0.9913419913419913
MGP_CAROLIEiJ_T0080851,0.8995670995670996,0.9714285714285714,0.9506493506493506,0.9800865800865801,1.0,0.9800865800865801,0.9852813852813853
ENSMUST00000178124,0.9004329004329005,0.9662337662337662,0.9515151515151515,0.9948051948051948,0.9800865800865801,1.0,0.9913419913419913
MGP_SPRETEiJ_T0084221,0.8995670995670996,0.9714285714285714,0.9497835497835497,0.9913419913419913,0.9852813852813853,0.9913419913419913,1.0
