	YMR170C_mRNA	YMR169C_mRNA
YMR170C_mRNA	1.0	0.9178172255095332
YMR169C_mRNA	0.9178172255095332	1.0
