	YJR059W_mRNA	YKL198C_mRNA
YJR059W_mRNA	1.0	0.450571090980701
YKL198C_mRNA	0.450571090980701	1.0
