,ENSRNOT00000074869,MGP_CAROLIEiJ_T0034145,MGP_PahariEiJ_T0040753,ENSMAUT00000014516,MGP_SPRETEiJ_T0035756
ENSRNOT00000074869,1.0,0.24143556280587275,0.2446982055464927,0.6460032626427407,0.24143556280587275
MGP_CAROLIEiJ_T0034145,0.24143556280587275,1.0,0.9706362153344209,0.07993474714518756,0.9853181076672104
MGP_PahariEiJ_T0040753,0.2446982055464927,0.9706362153344209,1.0,0.07504078303425776,0.965742251223491
ENSMAUT00000014516,0.6460032626427407,0.07993474714518756,0.07504078303425776,1.0,0.07993474714518756
MGP_SPRETEiJ_T0035756,0.24143556280587275,0.9853181076672104,0.965742251223491,0.07993474714518756,1.0
