	YNL010W_mRNA	YLR361C_mRNA	YOR137C_mRNA
YNL010W_mRNA	1.0	0.12597586941092975	0.0791341376863024
YLR361C_mRNA	0.12597586941092975	1.0	0.5479063165365508
YOR137C_mRNA	0.0791341376863024	0.5479063165365508	1.0
