	MGP_PahariEiJ_T0015203	MGP_CAROLIEiJ_T0078323	MGP_SPRETEiJ_T0081636
MGP_PahariEiJ_T0015203	1.0	0.9288702928870292	0.9393305439330544
MGP_CAROLIEiJ_T0078323	0.9288702928870292	1.0	0.9769874476987448
MGP_SPRETEiJ_T0081636	0.9393305439330544	0.9769874476987448	1.0
