,YKL015W_mRNA,YBR150C_mRNA,YNR063W_mRNA,YLR278C_mRNA,YOL089C_mRNA
YKL015W_mRNA,1.0,0.44589392643284853,0.5592386655260907,0.3017536355859709,0.4285714285714286
YBR150C_mRNA,0.44589392643284853,1.0,0.4238665526090676,0.31565440547476475,0.5622326775021386
YNR063W_mRNA,0.5592386655260907,0.4238665526090676,1.0,0.2617621899059025,0.42236954662104365
YLR278C_mRNA,0.3017536355859709,0.31565440547476475,0.2617621899059025,1.0,0.28336184773310524
YOL089C_mRNA,0.4285714285714286,0.5622326775021386,0.42236954662104365,0.28336184773310524,1.0
