,YBR117C_mRNA,YPR074C_mRNA,ENSHHUT00000029078
YBR117C_mRNA,1.0,0.6934624697336562,0.09200968523002417
YPR074C_mRNA,0.6934624697336562,1.0,0.08910411622276027
ENSHHUT00000029078,0.09200968523002417,0.08910411622276027,1.0
