,ENSPTET00000014185,YJR132W_mRNA
ENSPTET00000014185,1.0,0.3524551463644948
YJR132W_mRNA,0.3524551463644948,1.0
