	MGP_CAROLIEiJ_T0068951	ENSMUST00000187738
MGP_CAROLIEiJ_T0068951	1.0	0.9361702127659576
ENSMUST00000187738	0.9361702127659576	1.0
