	ENSMUST00000188005	MGP_CAROLIEiJ_T0018695	MGP_SPRETEiJ_T0019711	MGP_PahariEiJ_T0074001	ENSMSIT00000028875
ENSMUST00000188005	1.0	0.9078751857355126	0.9078751857355126	0.062407132243684986	0.9108469539375929
MGP_CAROLIEiJ_T0018695	0.9078751857355126	1.0	0.8974739970282318	0.07726597325408613	0.9034175334323924
MGP_SPRETEiJ_T0019711	0.9078751857355126	0.8974739970282318	1.0	0.12481426448737	0.9375928677563149
MGP_PahariEiJ_T0074001	0.062407132243684986	0.07726597325408613	0.12481426448737	1.0	0.10846953937592874
ENSMSIT00000028875	0.9108469539375929	0.9034175334323924	0.9375928677563149	0.10846953937592874	1.0
