	YCL037C_mRNA	YDR515W_mRNA
YCL037C_mRNA	1.0	0.4669876203576342
YDR515W_mRNA	0.4669876203576342	1.0
