	MGP_SPRETEiJ_T0076708	ENSMUST00000128102	MGP_CAROLIEiJ_T0073839	MGP_PahariEiJ_T0049930
MGP_SPRETEiJ_T0076708	1.0	1.0	1.0	0.013698630136986356
ENSMUST00000128102	1.0	1.0	1.0	0.013698630136986356
MGP_CAROLIEiJ_T0073839	1.0	1.0	1.0	0.013698630136986356
MGP_PahariEiJ_T0049930	0.013698630136986356	0.013698630136986356	0.013698630136986356	1.0
