	MGP_CAROLIEiJ_T0032156	MGP_PahariEiJ_T0082276	MGP_SPRETEiJ_T0033642	ENSMSIT00000007655
MGP_CAROLIEiJ_T0032156	1.0	0.9279999999999999	0.9504	0.9424
MGP_PahariEiJ_T0082276	0.9279999999999999	1.0	0.9232	0.9152
MGP_SPRETEiJ_T0033642	0.9504	0.9232	1.0	0.976
ENSMSIT00000007655	0.9424	0.9152	0.976	1.0
