	YLR214W_mRNA	YNR060W_mRNA	YOR381W_mRNA	YLL051C_mRNA	YKL220C_mRNA
YLR214W_mRNA	1.0	0.3952702702702703	0.4011824324324325	0.390625	0.3990709459459459
YNR060W_mRNA	0.3952702702702703	1.0	0.625	0.4662162162162162	0.6296452702702703
YOR381W_mRNA	0.4011824324324325	0.625	1.0	0.4940878378378378	0.7905405405405406
YLL051C_mRNA	0.390625	0.4662162162162162	0.4940878378378378	1.0	0.4987331081081081
YKL220C_mRNA	0.3990709459459459	0.6296452702702703	0.7905405405405406	0.4987331081081081	1.0
