	ENSMSIT00000012886	MGP_SPRETEiJ_T0082674	MGP_CAROLIEiJ_T0079341	MGP_PahariEiJ_T0016209
ENSMSIT00000012886	1.0	0.9730250481695568	0.9402697495183044	0.9190751445086706
MGP_SPRETEiJ_T0082674	0.9730250481695568	1.0	0.9479768786127168	0.9229287090558768
MGP_CAROLIEiJ_T0079341	0.9402697495183044	0.9479768786127168	1.0	0.9094412331406552
MGP_PahariEiJ_T0016209	0.9190751445086706	0.9229287090558768	0.9094412331406552	1.0
