,ENSMUST00000025635,ENSMSIT00000046281,ENSMSIT00000046274,ENSMUGT00000019059,MGP_PahariEiJ_T0021179,MGP_CAROLIEiJ_T0048188,MGP_SPRETEiJ_T0050170
ENSMUST00000025635,1.0,0.9846625766871165,0.9846625766871165,0.6809815950920245,0.9233128834355828,0.8680981595092024,0.4647239263803681
ENSMSIT00000046281,0.9846625766871165,1.0,1.0,0.6825153374233128,0.9263803680981595,0.8696319018404908,0.4662576687116564
ENSMSIT00000046274,0.9846625766871165,1.0,1.0,0.6825153374233128,0.9263803680981595,0.8696319018404908,0.4662576687116564
ENSMUGT00000019059,0.6809815950920245,0.6825153374233128,0.6825153374233128,1.0,0.6825153374233128,0.5996932515337423,0.3282208588957055
MGP_PahariEiJ_T0021179,0.9233128834355828,0.9263803680981595,0.9263803680981595,0.6825153374233128,1.0,0.8328220858895705,0.45398773006134974
MGP_CAROLIEiJ_T0048188,0.8680981595092024,0.8696319018404908,0.8696319018404908,0.5996932515337423,0.8328220858895705,1.0,0.3619631901840491
MGP_SPRETEiJ_T0050170,0.4647239263803681,0.4662576687116564,0.4662576687116564,0.3282208588957055,0.45398773006134974,0.3619631901840491,1.0
