,MGP_SPRETEiJ_T0081489,ENSMSIT00000040661
MGP_SPRETEiJ_T0081489,1.0,0.9884823848238482
ENSMSIT00000040661,0.9884823848238482,1.0
