,MGP_PahariEiJ_T0041287,ENSMSIT00000032213,MGP_SPRETEiJ_T0036324,MGP_CAROLIEiJ_T0034667
MGP_PahariEiJ_T0041287,1.0,0.875,0.8809523809523809,0.8630952380952381
ENSMSIT00000032213,0.875,1.0,0.9851190476190477,0.9523809523809523
MGP_SPRETEiJ_T0036324,0.8809523809523809,0.9851190476190477,1.0,0.9553571428571429
MGP_CAROLIEiJ_T0034667,0.8630952380952381,0.9523809523809523,0.9553571428571429,1.0
