	YBR085W_mRNA	YBL030C_mRNA	YMR056C_mRNA
YBR085W_mRNA	1.0	0.7606217616580311	0.6725388601036272
YBL030C_mRNA	0.7606217616580311	1.0	0.6787564766839378
YMR056C_mRNA	0.6725388601036272	0.6787564766839378	1.0
