	YCL051W_mRNA	YDR528W_mRNA
YCL051W_mRNA	1.0	0.3767085839256424
YDR528W_mRNA	0.3767085839256424	1.0
