,YPR111W_mRNA,YGR092W_mRNA
YPR111W_mRNA,1.0,0.6977011494252874
YGR092W_mRNA,0.6977011494252874,1.0
