,MGP_CAROLIEiJ_T0042192,ENSMUST00000078422,MGP_PahariEiJ_T0029551,MGP_SPRETEiJ_T0044089
MGP_CAROLIEiJ_T0042192,1.0,0.9548872180451128,0.8972431077694235,0.6766917293233082
ENSMUST00000078422,0.9548872180451128,1.0,0.8947368421052632,0.6842105263157895
MGP_PahariEiJ_T0029551,0.8972431077694235,0.8947368421052632,1.0,0.6240601503759399
MGP_SPRETEiJ_T0044089,0.6766917293233082,0.6842105263157895,0.6240601503759399,1.0
