	ENSRNOT00000068533	ENSMUGT00000005170	MGP_PahariEiJ_T0043276	MGP_CAROLIEiJ_T0039929	ENSMUST00000023710	MGP_SPRETEiJ_T0041766
ENSRNOT00000068533	1.0	0.9233692210259656	0.9594680177327424	0.9499683343888538	0.9531348955034832	0.9537682077264092
ENSMUGT00000005170	0.9233692210259656	1.0	0.9157694743508551	0.9145028499050032	0.9119696010132996	0.9176694110196328
MGP_PahariEiJ_T0043276	0.9594680177327424	0.9157694743508551	1.0	0.9683343888537048	0.9683343888537048	0.9721342621912604
MGP_CAROLIEiJ_T0039929	0.9499683343888538	0.9145028499050032	0.9683343888537048	1.0	0.9791006966434452	0.9829005699810006
ENSMUST00000023710	0.9531348955034832	0.9119696010132996	0.9683343888537048	0.9791006966434452	1.0	0.9917669411019632
MGP_SPRETEiJ_T0041766	0.9537682077264092	0.9176694110196328	0.9721342621912604	0.9829005699810006	0.9917669411019632	1.0
