	ENSPNAT00000020600	YKL021C_mRNA
ENSPNAT00000020600	1.0	0.03346203346203347
YKL021C_mRNA	0.03346203346203347	1.0
