	YER064C_mRNA	YIL056W_mRNA
YER064C_mRNA	1.0	0.3909664885866926
YIL056W_mRNA	0.3909664885866926	1.0
