,C05E4.9b.1,YIR031C_mRNA,YNL117W_mRNA,C05E4.9a.2,C05E4.9a.1
C05E4.9b.1,1.0,0.297224709042077,0.303789913458669,0.8994330050731125,0.8994330050731125
YIR031C_mRNA,0.297224709042077,1.0,0.8698895851984483,0.19934347955834075,0.19934347955834075
YNL117W_mRNA,0.303789913458669,0.8698895851984483,1.0,0.2059086839749329,0.2059086839749329
C05E4.9a.2,0.8994330050731125,0.19934347955834075,0.2059086839749329,1.0,1.0
C05E4.9a.1,0.8994330050731125,0.19934347955834075,0.2059086839749329,1.0,1.0
