	YPR169W-A_mRNA	YPR170W-B_mRNA
YPR169W-A_mRNA	1.0	0.4542682926829269
YPR170W-B_mRNA	0.4542682926829269	1.0
