,MGP_SPRETEiJ_T0066666,ENSMSIT00000014939
MGP_SPRETEiJ_T0066666,1.0,0.9862542955326461
ENSMSIT00000014939,0.9862542955326461,1.0
