,YPL050C_mRNA,YML115C_mRNA,YEL036C_mRNA
YPL050C_mRNA,1.0,0.48307994114762143,0.4011770475723394
YML115C_mRNA,0.48307994114762143,1.0,0.381069151544875
YEL036C_mRNA,0.4011770475723394,0.381069151544875,1.0
