	ENSTBET00000014709	YBL064C_mRNA
ENSTBET00000014709	1.0	0.005263157894736858
YBL064C_mRNA	0.005263157894736858	1.0
