,YDR544C_mRNA,YBL109W_mRNA,YHR217C_mRNA
YDR544C_mRNA,1.0,0.6567796610169492,0.7711864406779662
YBL109W_mRNA,0.6567796610169492,1.0,0.6440677966101694
YHR217C_mRNA,0.7711864406779662,0.6440677966101694,1.0
