	YGR224W_mRNA	YPR198W_mRNA
YGR224W_mRNA	1.0	0.463336875664187
YPR198W_mRNA	0.463336875664187	1.0
