	ENSMSIT00000045624	MGP_PahariEiJ_T0029306	MGP_SPRETEiJ_T0043825	MGP_CAROLIEiJ_T0041948	ENSMUST00000053249
ENSMSIT00000045624	1.0	0.8638655462184874	0.9815126050420168	0.9327731092436976	0.9747899159663864
MGP_PahariEiJ_T0029306	0.8638655462184874	1.0	0.8773109243697479	0.8605042016806723	0.8588235294117647
MGP_SPRETEiJ_T0043825	0.9815126050420168	0.8773109243697479	1.0	0.9411764705882352	0.9731092436974791
MGP_CAROLIEiJ_T0041948	0.9327731092436976	0.8605042016806723	0.9411764705882352	1.0	0.9226890756302522
ENSMUST00000053249	0.9747899159663864	0.8588235294117647	0.9731092436974791	0.9226890756302522	1.0
