,MGP_SPRETEiJ_T0046081,ENSMSIT00000016029,MGP_CAROLIEiJ_T0044185
MGP_SPRETEiJ_T0046081,1.0,0.9810874704491725,0.9621749408983451
ENSMSIT00000016029,0.9810874704491725,1.0,0.9527186761229315
MGP_CAROLIEiJ_T0044185,0.9621749408983451,0.9527186761229315,1.0
