	MGP_PahariEiJ_T0029536	MGP_CAROLIEiJ_T0042179	ENSMUST00000179707	ENSUPAT00010009774	MGP_SPRETEiJ_T0044075
MGP_PahariEiJ_T0029536	1.0	0.8506944444444444	0.8854166666666666	0.75	0.8263888888888888
MGP_CAROLIEiJ_T0042179	0.8506944444444444	1.0	0.9444444444444444	0.7395833333333334	0.9548611111111112
ENSMUST00000179707	0.8854166666666666	0.9444444444444444	1.0	0.7916666666666666	0.9131944444444444
ENSUPAT00010009774	0.75	0.7395833333333334	0.7916666666666666	1.0	0.7118055555555556
MGP_SPRETEiJ_T0044075	0.8263888888888888	0.9548611111111112	0.9131944444444444	0.7118055555555556	1.0
