	YKR010C_mRNA	YJL076W_mRNA
YKR010C_mRNA	1.0	0.3323320589841616
YJL076W_mRNA	0.3323320589841616	1.0
