,YKR105C_mRNA,YCL069W_mRNA
YKR105C_mRNA,1.0,0.7821612349914236
YCL069W_mRNA,0.7821612349914236,1.0
