,MGP_SPRETEiJ_T0038754,MGP_SPRETEiJ_T0038755,MGP_PahariEiJ_T0085134
MGP_SPRETEiJ_T0038754,1.0,0.7428571428571429,0.5678571428571428
MGP_SPRETEiJ_T0038755,0.7428571428571429,1.0,0.7535714285714286
MGP_PahariEiJ_T0085134,0.5678571428571428,0.7535714285714286,1.0
