,YJR065C_mRNA,ENSPTET00000004912
YJR065C_mRNA,1.0,0.3711638679791547
ENSPTET00000004912,0.3711638679791547,1.0
