,ENSTBET00000014709,YBL064C_mRNA
ENSTBET00000014709,1.0,0.0052631578947368585
YBL064C_mRNA,0.0052631578947368585,1.0
