	MGP_SPRETEiJ_T0059942	MGP_CAROLIEiJ_T0057671	ENSMUST00000178832	ENSMSIT00000017024
MGP_SPRETEiJ_T0059942	1.0	0.9430894308943092	0.975609756097561	0.9674796747967479
MGP_CAROLIEiJ_T0057671	0.9430894308943092	1.0	0.91869918699187	0.9105691056910568
ENSMUST00000178832	0.975609756097561	0.91869918699187	1.0	0.9918699186991871
ENSMSIT00000017024	0.9674796747967479	0.9105691056910568	0.9918699186991871	1.0
