,MGP_CAROLIEiJ_T0042173,ENSMUGT00000013256,ENSMSIT00000017790,MGP_SPRETEiJ_T0044070,ENSMUST00000075284,MGP_PahariEiJ_T0029531
MGP_CAROLIEiJ_T0042173,1.0,0.775,0.9222222222222223,0.9277777777777778,0.8972222222222223,0.875
ENSMUGT00000013256,0.775,1.0,0.7916666666666666,0.7805555555555556,0.7555555555555555,0.7555555555555555
ENSMSIT00000017790,0.9222222222222223,0.7916666666666666,1.0,0.9888888888888889,0.9583333333333334,0.8416666666666667
MGP_SPRETEiJ_T0044070,0.9277777777777778,0.7805555555555556,0.9888888888888889,1.0,0.9472222222222222,0.8472222222222222
ENSMUST00000075284,0.8972222222222223,0.7555555555555555,0.9583333333333334,0.9472222222222222,1.0,0.8194444444444444
MGP_PahariEiJ_T0029531,0.875,0.7555555555555555,0.8416666666666667,0.8472222222222222,0.8194444444444444,1.0
