	YBR245C_mRNA	YOR304W_mRNA
YBR245C_mRNA	1.0	0.5311294765840221
YOR304W_mRNA	0.5311294765840221	1.0
