,YJR059W_mRNA,YKL198C_mRNA
YJR059W_mRNA,1.0,0.45057109098070103
YKL198C_mRNA,0.45057109098070103,1.0
