	YHL047C_mRNA	YHL040C_mRNA	YKR106W_mRNA	YCL073C_mRNA	YEL065W_mRNA
YHL047C_mRNA	1.0	0.6079228034535297	0.5236160487557135	0.5246317927882174	0.4829862874555613
YHL040C_mRNA	0.6079228034535297	1.0	0.5383443372270188	0.5413915693245303	0.5271711528694769
YKR106W_mRNA	0.5236160487557135	0.5383443372270188	1.0	0.9903504316912138	0.4911122397155916
YCL073C_mRNA	0.5246317927882174	0.5413915693245303	0.9903504316912138	1.0	0.494667343829355
YEL065W_mRNA	0.4829862874555613	0.5271711528694769	0.4911122397155916	0.494667343829355	1.0
