	MGP_SPRETEiJ_T0046081	ENSMSIT00000016029	MGP_CAROLIEiJ_T0044185
MGP_SPRETEiJ_T0046081	1.0	0.9810874704491724	0.9621749408983452
ENSMSIT00000016029	0.9810874704491724	1.0	0.9527186761229316
MGP_CAROLIEiJ_T0044185	0.9621749408983452	0.9527186761229316	1.0
