	ENSDORT00000027877	MGP_SPRETEiJ_T0083060	ENSCCNT00000007368	ENSCCNT00000007384	MGP_SPRETEiJ_T0083059	MGP_SPRETEiJ_T0083058
ENSDORT00000027877	1.0	0.05399431638774865	0.06157246605620459	0.08146510893590153	0.38395958320176826	0.05967792863909061
MGP_SPRETEiJ_T0083060	0.05399431638774865	1.0	0.9513735396274076	0.9204294284812125	0.6125670982001895	0.9943163877486579
ENSCCNT00000007368	0.06157246605620459	0.9513735396274076	1.0	0.9649510577833912	0.5933059677928639	0.9570571518787496
ENSCCNT00000007384	0.08146510893590153	0.9204294284812125	0.9649510577833912	1.0	0.6131986106725608	0.9261130407325544
MGP_SPRETEiJ_T0083059	0.38395958320176826	0.6125670982001895	0.5933059677928639	0.6131986106725608	1.0	0.6068834859488474
MGP_SPRETEiJ_T0083058	0.05967792863909061	0.9943163877486579	0.9570571518787496	0.9261130407325544	0.6068834859488474	1.0
