,YDR382W_mRNA,YOL039W_mRNA
YDR382W_mRNA,1.0,0.7237237237237237
YOL039W_mRNA,0.7237237237237237,1.0
