	YLL002W_mRNA	YDL237W_mRNA
YLL002W_mRNA	1.0	0.3678001387925052
YDL237W_mRNA	0.3678001387925052	1.0
