	MGP_PahariEiJ_T0079385	MGP_CAROLIEiJ_T0064291	ENSRNOT00000084182
MGP_PahariEiJ_T0079385	1.0	0.1922141119221411	0.7360097323600974
MGP_CAROLIEiJ_T0064291	0.1922141119221411	1.0	0.14355231143552305
ENSRNOT00000084182	0.7360097323600974	0.14355231143552305	1.0
