,ENSMSIT00000021994,MGP_SPRETEiJ_T0066777,ENSMUGT00000008088,ENSMSIT00000021984,MGP_CAROLIEiJ_T0064280,MGP_PahariEiJ_T0079374
ENSMSIT00000021994,1.0,0.3717357910906298,0.40245775729646693,0.5683563748079877,0.36712749615975415,0.37019969278033793
MGP_SPRETEiJ_T0066777,0.3717357910906298,1.0,0.8164362519201229,0.642089093701997,0.9823348694316436,0.967741935483871
ENSMUGT00000008088,0.40245775729646693,0.8164362519201229,1.0,0.4800307219662059,0.8118279569892473,0.814900153609831
ENSMSIT00000021984,0.5683563748079877,0.642089093701997,0.4800307219662059,1.0,0.630568356374808,0.6159754224270353
MGP_CAROLIEiJ_T0064280,0.36712749615975415,0.9823348694316436,0.8118279569892473,0.630568356374808,1.0,0.9623655913978495
MGP_PahariEiJ_T0079374,0.37019969278033793,0.967741935483871,0.814900153609831,0.6159754224270353,0.9623655913978495,1.0
