	MGP_SPRETEiJ_T0041124	ENSMUST00000189185	MGP_CAROLIEiJ_T0039319
MGP_SPRETEiJ_T0041124	1.0	0.2185430463576159	0.2185430463576159
ENSMUST00000189185	0.2185430463576159	1.0	0.6600441501103753
MGP_CAROLIEiJ_T0039319	0.2185430463576159	0.6600441501103753	1.0
