	YBR005W_mRNA	YDR003W_mRNA
YBR005W_mRNA	1.0	0.5221238938053098
YDR003W_mRNA	0.5221238938053098	1.0
