,MGP_PahariEiJ_T0036533,ENSRNOT00000090052,ENSMUST00000105051,ENSMSIT00000045259,MGP_SPRETEiJ_T0031223,MGP_CAROLIEiJ_T0029804,ENSRNOT00000081255
MGP_PahariEiJ_T0036533,1.0,0.8658892128279884,0.9436345966958212,0.9504373177842566,0.9514091350826045,0.9543245869776482,0.8658892128279884
ENSRNOT00000090052,0.8658892128279884,1.0,0.8717201166180758,0.8736637512147716,0.8746355685131195,0.8775510204081632,1.0
ENSMUST00000105051,0.9436345966958212,0.8717201166180758,1.0,0.9883381924198251,0.9834791059280855,0.9689018464528668,0.8717201166180758
ENSMSIT00000045259,0.9504373177842566,0.8736637512147716,0.9883381924198251,1.0,0.989310009718173,0.9727891156462585,0.8736637512147716
MGP_SPRETEiJ_T0031223,0.9514091350826045,0.8746355685131195,0.9834791059280855,0.989310009718173,1.0,0.9757045675413022,0.8746355685131195
MGP_CAROLIEiJ_T0029804,0.9543245869776482,0.8775510204081632,0.9689018464528668,0.9727891156462585,0.9757045675413022,1.0,0.8775510204081632
ENSRNOT00000081255,0.8658892128279884,1.0,0.8717201166180758,0.8736637512147716,0.8746355685131195,0.8775510204081632,1.0
