,ENSMUST00000148290,MGP_CAROLIEiJ_T0059325,MGP_SPRETEiJ_T0061709,ENSMSIT00000032088,MGP_PahariEiJ_T0070287
ENSMUST00000148290,1.0,0.9479166666666666,0.9791666666666666,0.9895833333333334,0.9010416666666666
MGP_CAROLIEiJ_T0059325,0.9479166666666666,1.0,0.96875,0.9479166666666666,0.9427083333333334
MGP_SPRETEiJ_T0061709,0.9791666666666666,0.96875,1.0,0.9791666666666666,0.921875
ENSMSIT00000032088,0.9895833333333334,0.9479166666666666,0.9791666666666666,1.0,0.9010416666666666
MGP_PahariEiJ_T0070287,0.9010416666666666,0.9427083333333334,0.921875,0.9010416666666666,1.0
