,YMR215W_mRNA,YOL132W_mRNA,YMR307W_mRNA,YOL030W_mRNA,YLR343W_mRNA
YMR215W_mRNA,1.0,0.4443885254151988,0.42778057372924005,0.4569703069954705,0.3895319577252139
YOL132W_mRNA,0.4443885254151988,1.0,0.4182184197282335,0.47659788626069455,0.4836436839456467
YMR307W_mRNA,0.42778057372924005,0.4182184197282335,1.0,0.513839959738299,0.4725717161550076
YOL030W_mRNA,0.4569703069954705,0.47659788626069455,0.513839959738299,1.0,0.4750880724710619
YLR343W_mRNA,0.3895319577252139,0.4836436839456467,0.4725717161550076,0.4750880724710619,1.0
