,ENSMSIT00000041577,MGP_SPRETEiJ_T0024337,MGP_CAROLIEiJ_T0023189
ENSMSIT00000041577,1.0,0.9775910364145658,0.9327731092436975
MGP_SPRETEiJ_T0024337,0.9775910364145658,1.0,0.9439775910364145
MGP_CAROLIEiJ_T0023189,0.9327731092436975,0.9439775910364145,1.0
