,MGP_PahariEiJ_T0088690,MGP_SPRETEiJ_T0094794,ENSMUST00000050434,MGP_CAROLIEiJ_T0091047,ENSRNOT00000013382
MGP_PahariEiJ_T0088690,1.0,0.9587700908455625,0.9566736547868623,0.960167714884696,0.9217330538085255
MGP_SPRETEiJ_T0094794,0.9587700908455625,1.0,0.9909154437456325,0.9860237596086653,0.939203354297694
ENSMUST00000050434,0.9566736547868623,0.9909154437456325,1.0,0.983927323549965,0.9406009783368274
MGP_CAROLIEiJ_T0091047,0.960167714884696,0.9860237596086653,0.983927323549965,1.0,0.9371069182389937
ENSRNOT00000013382,0.9217330538085255,0.939203354297694,0.9406009783368274,0.9371069182389937,1.0
