,MGP_CAROLIEiJ_T0037495,MGP_PahariEiJ_T0085579,MGP_SPRETEiJ_T0039235
MGP_CAROLIEiJ_T0037495,1.0,0.8618677042801557,0.953307392996109
MGP_PahariEiJ_T0085579,0.8618677042801557,1.0,0.8715953307392996
MGP_SPRETEiJ_T0039235,0.953307392996109,0.8715953307392996,1.0
