,ENSRNOT00000090317,MGP_PahariEiJ_T0024169,ENSMSIT00000037369,MGP_SPRETEiJ_T0092169,MGP_CAROLIEiJ_T0088538
ENSRNOT00000090317,1.0,0.9120370370370371,0.9629629629629629,0.9444444444444444,0.9490740740740741
MGP_PahariEiJ_T0024169,0.9120370370370371,1.0,0.9351851851851852,0.9444444444444444,0.9583333333333334
ENSMSIT00000037369,0.9629629629629629,0.9351851851851852,1.0,0.9814814814814815,0.9768518518518519
MGP_SPRETEiJ_T0092169,0.9444444444444444,0.9444444444444444,0.9814814814814815,1.0,0.9861111111111112
MGP_CAROLIEiJ_T0088538,0.9490740740740741,0.9583333333333334,0.9768518518518519,0.9861111111111112,1.0
