,YLR214W_mRNA,YNR060W_mRNA,YOR381W_mRNA,YLL051C_mRNA,YKL220C_mRNA
YLR214W_mRNA,1.0,0.3952702702702703,0.40118243243243246,0.390625,0.39907094594594594
YNR060W_mRNA,0.3952702702702703,1.0,0.625,0.46621621621621623,0.6296452702702703
YOR381W_mRNA,0.40118243243243246,0.625,1.0,0.49408783783783783,0.7905405405405406
YLL051C_mRNA,0.390625,0.46621621621621623,0.49408783783783783,1.0,0.4987331081081081
YKL220C_mRNA,0.39907094594594594,0.6296452702702703,0.7905405405405406,0.4987331081081081,1.0
