	YCR041W_mRNA	YCR097W-A_mRNA	YCL065W_mRNA
YCR041W_mRNA	1.0	0.7180156657963447	0.7728459530026109
YCR097W-A_mRNA	0.7180156657963447	1.0	0.618798955613577
YCL065W_mRNA	0.7728459530026109	0.618798955613577	1.0
