	ENSMUST00000064196	MGP_CAROLIEiJ_T0090980	ENSRNOT00000049864	MGP_SPRETEiJ_T0094722	ENSMUGT00000030421	MGP_PahariEiJ_T0088623
ENSMUST00000064196	1.0	0.9588235294117649	0.9392156862745098	0.9813725490196078	0.8205882352941176	0.9745098039215686
MGP_CAROLIEiJ_T0090980	0.9588235294117649	1.0	0.907843137254902	0.9725490196078432	0.7990196078431373	0.9480392156862744
ENSRNOT00000049864	0.9392156862745098	0.907843137254902	1.0	0.9225490196078432	0.8235294117647058	0.9323529411764706
MGP_SPRETEiJ_T0094722	0.9813725490196078	0.9725490196078432	0.9225490196078432	1.0	0.8147058823529412	0.9647058823529412
ENSMUGT00000030421	0.8205882352941176	0.7990196078431373	0.8235294117647058	0.8147058823529412	1.0	0.8264705882352941
MGP_PahariEiJ_T0088623	0.9745098039215686	0.9480392156862744	0.9323529411764706	0.9647058823529412	0.8264705882352941	1.0
