,YCR095C_mRNA,YNL056W_mRNA,YNL032W_mRNA,YNL099C_mRNA,ENSCMIT00000018882,YDR067C_mRNA
YCR095C_mRNA,1.0,0.44056372549019607,0.485906862745098,0.45281862745098045,0.19301470588235292,0.4589460784313726
YNL056W_mRNA,0.44056372549019607,1.0,0.5147058823529411,0.5245098039215687,0.3474264705882353,0.7383578431372549
YNL032W_mRNA,0.485906862745098,0.5147058823529411,1.0,0.6838235294117647,0.2996323529411764,0.5018382352941176
YNL099C_mRNA,0.45281862745098045,0.5245098039215687,0.6838235294117647,1.0,0.352328431372549,0.5098039215686274
ENSCMIT00000018882,0.19301470588235292,0.3474264705882353,0.2996323529411764,0.352328431372549,1.0,0.32414215686274517
YDR067C_mRNA,0.4589460784313726,0.7383578431372549,0.5018382352941176,0.5098039215686274,0.32414215686274517,1.0
