,ENSSDAT00000016194,ENSMSIT00000017755,MGP_CAROLIEiJ_T0042178,ENSMUST00000077715,ENSUPAT00010009779,MGP_PahariEiJ_T0029535,MGP_SPRETEiJ_T0044074
ENSSDAT00000016194,1.0,0.8198198198198198,0.8153153153153153,0.7882882882882883,0.9864864864864865,0.8333333333333334,0.7747747747747747
ENSMSIT00000017755,0.8198198198198198,1.0,0.9774774774774775,0.9504504504504504,0.8153153153153153,0.8918918918918919,0.9369369369369369
MGP_CAROLIEiJ_T0042178,0.8153153153153153,0.9774774774774775,1.0,0.9459459459459459,0.8108108108108109,0.9144144144144144,0.9594594594594594
ENSMUST00000077715,0.7882882882882883,0.9504504504504504,0.9459459459459459,1.0,0.7837837837837838,0.8603603603603603,0.9864864864864865
ENSUPAT00010009779,0.9864864864864865,0.8153153153153153,0.8108108108108109,0.7837837837837838,1.0,0.8288288288288288,0.7702702702702703
MGP_PahariEiJ_T0029535,0.8333333333333334,0.8918918918918919,0.9144144144144144,0.8603603603603603,0.8288288288288288,1.0,0.8738738738738738
MGP_SPRETEiJ_T0044074,0.7747747747747747,0.9369369369369369,0.9594594594594594,0.9864864864864865,0.7702702702702703,0.8738738738738738,1.0
