	YOR010C_mRNA	YER011W_mRNA
YOR010C_mRNA	1.0	0.7166666666666667
YER011W_mRNA	0.7166666666666667	1.0
