	YOR086C_mRNA	YNL087W_mRNA
YOR086C_mRNA	1.0	0.5859092174881648
YNL087W_mRNA	0.5859092174881648	1.0
