,MGP_PahariEiJ_T0063077,ENSMAUT00000029232,MGP_CAROLIEiJ_T0052081,ENSMUST00000102713,MGP_SPRETEiJ_T0054154
MGP_PahariEiJ_T0063077,1.0,0.40401146131805166,0.9216809933142311,0.9178605539637058,0.9245463228271251
ENSMAUT00000029232,0.40401146131805166,1.0,0.3982808022922636,0.40210124164278893,0.4030563514804202
MGP_CAROLIEiJ_T0052081,0.9216809933142311,0.3982808022922636,1.0,0.958930276981853,0.9637058261700095
ENSMUST00000102713,0.9178605539637058,0.40210124164278893,0.958930276981853,1.0,0.9789875835721108
MGP_SPRETEiJ_T0054154,0.9245463228271251,0.4030563514804202,0.9637058261700095,0.9789875835721108,1.0
