	ENSCINT00000029047	ENSCSAVT00000000340	YJL134W_mRNA	YKR053C_mRNA
ENSCINT00000029047	1.0	0.6297968397291196	0.3250564334085779	0.33069977426636576
ENSCSAVT00000000340	0.6297968397291196	1.0	0.01015801354401802	0.015801354401805856
YJL134W_mRNA	0.3250564334085779	0.01015801354401802	1.0	0.7983446200150489
YKR053C_mRNA	0.33069977426636576	0.015801354401805856	0.7983446200150489	1.0
