	YIL121W_mRNA	YIL120W_mRNA	YNL065W_mRNA
YIL121W_mRNA	1.0	0.6351931330472103	0.4543991416309012
YIL120W_mRNA	0.6351931330472103	1.0	0.4404506437768241
YNL065W_mRNA	0.4543991416309012	0.4404506437768241	1.0
