	YJR155W_mRNA	YOL165C_mRNA	YDL243C_mRNA	YCR107W_mRNA	YNL331C_mRNA
YJR155W_mRNA	1.0	0.5145888594164456	0.7763041556145004	0.5870910698496905	0.6534040671971706
YOL165C_mRNA	0.5145888594164456	1.0	0.4244031830238727	0.407603890362511	0.2970822281167109
YDL243C_mRNA	0.7763041556145004	0.4244031830238727	1.0	0.7179487179487181	0.7913351016799293
YCR107W_mRNA	0.5870910698496905	0.407603890362511	0.7179487179487181	1.0	0.76657824933687
YNL331C_mRNA	0.6534040671971706	0.2970822281167109	0.7913351016799293	0.76657824933687	1.0
