	YAR064W_mRNA	YHR213W-B_mRNA
YAR064W_mRNA	1.0	0.9933333333333332
YHR213W-B_mRNA	0.9933333333333332	1.0
