,YBR245C_mRNA,YOR304W_mRNA
YBR245C_mRNA,1.0,0.531129476584022
YOR304W_mRNA,0.531129476584022,1.0
