,MGP_SPRETEiJ_T0059942,MGP_CAROLIEiJ_T0057671,ENSMUST00000178832,ENSMSIT00000017024
MGP_SPRETEiJ_T0059942,1.0,0.943089430894309,0.975609756097561,0.967479674796748
MGP_CAROLIEiJ_T0057671,0.943089430894309,1.0,0.9186991869918699,0.9105691056910569
ENSMUST00000178832,0.975609756097561,0.9186991869918699,1.0,0.991869918699187
ENSMSIT00000017024,0.967479674796748,0.9105691056910569,0.991869918699187,1.0
