,YHR030C_mRNA,YKL161C_mRNA
YHR030C_mRNA,1.0,0.5416098226466576
YKL161C_mRNA,0.5416098226466576,1.0
