,ENSPTET00000018572,YKL135C_mRNA
ENSPTET00000018572,1.0,0.3368181818181818
YKL135C_mRNA,0.3368181818181818,1.0
