	ENSMUST00000115253	MGP_CAROLIEiJ_T0091188	ENSRNOT00000087749	MGP_PahariEiJ_T0088829	MGP_SPRETEiJ_T0094940	ENSMSIT00000004101
ENSMUST00000115253	1.0	0.1472448057813911	0.7777777777777778	0.14543812104787712	0.14634146341463414	0.9882565492321591
MGP_CAROLIEiJ_T0091188	0.1472448057813911	1.0	0.11201445347786808	0.9936766034327009	0.995483288166215	0.14543812104787712
ENSRNOT00000087749	0.7777777777777778	0.11201445347786808	1.0	0.11111111111111116	0.11201445347786808	0.7759710930442638
MGP_PahariEiJ_T0088829	0.14543812104787712	0.9936766034327009	0.11111111111111116	1.0	0.9927732610659441	0.1445347786811202
MGP_SPRETEiJ_T0094940	0.14634146341463414	0.995483288166215	0.11201445347786808	0.9927732610659441	1.0	0.1472448057813911
ENSMSIT00000004101	0.9882565492321591	0.14543812104787712	0.7759710930442638	0.1445347786811202	0.1472448057813911	1.0
