,YDR514C_mRNA,YCL036W_mRNA
YDR514C_mRNA,1.0,0.4539249146757679
YCL036W_mRNA,0.4539249146757679,1.0
