	MGP_SPRETEiJ_T0035851	ENSMSIT00000001584
MGP_SPRETEiJ_T0035851	1.0	0.9696969696969696
ENSMSIT00000001584	0.9696969696969696	1.0
