,MGP_CAROLIEiJ_T0069254,MGP_CAROLIEiJ_T0069255
MGP_CAROLIEiJ_T0069254,1.0,0.4581497797356828
MGP_CAROLIEiJ_T0069255,0.4581497797356828,1.0
