,ENSPTET00000014185,YJR132W_mRNA
ENSPTET00000014185,1.0,0.37210101357155123
YJR132W_mRNA,0.37210101357155123,1.0
