	YBR085W_mRNA	YBL030C_mRNA	YMR056C_mRNA
YBR085W_mRNA	1.0	0.7113702623906706	0.5745960811275352
YBL030C_mRNA	0.7113702623906706	1.0	0.6082298928753613
YMR056C_mRNA	0.5745960811275352	0.6082298928753613	1.0
