,MGP_CAROLIEiJ_T0068951,ENSMUST00000187738
MGP_CAROLIEiJ_T0068951,1.0,0.9435483870967742
ENSMUST00000187738,0.9435483870967742,1.0
