	ENSMUST00000025635	ENSMSIT00000046281	ENSMSIT00000046274	ENSMUGT00000019059	MGP_PahariEiJ_T0021179	MGP_CAROLIEiJ_T0048188	MGP_SPRETEiJ_T0050170
ENSMUST00000025635	1.0	0.9768261964735516	0.9768261964735516	0.6562084551980856	0.9018218623481782	0.973908111174135	0.9904868494683828
ENSMSIT00000046281	0.9768261964735516	1.0	1.0	0.6581740976645435	0.9058942575259296	0.976460578559274	0.9960850111856824
ENSMSIT00000046274	0.9768261964735516	1.0	1.0	0.6581740976645435	0.9058942575259296	0.976460578559274	0.9960850111856824
ENSMUGT00000019059	0.6562084551980856	0.6581740976645435	0.6581740976645435	1.0	0.6477604028624436	0.6504186602870813	0.6844919786096256
MGP_PahariEiJ_T0021179	0.9018218623481782	0.9058942575259296	0.9058942575259296	0.6477604028624436	1.0	0.9134997163925128	0.9377777777777778
MGP_CAROLIEiJ_T0048188	0.973908111174135	0.976460578559274	0.976460578559274	0.6504186602870813	0.9134997163925128	1.0	1.0
MGP_SPRETEiJ_T0050170	0.9904868494683828	0.9960850111856824	0.9960850111856824	0.6844919786096256	0.9377777777777778	1.0	1.0
