,YDR382W_mRNA,YOL039W_mRNA
YDR382W_mRNA,1.0,0.6606268364348677
YOL039W_mRNA,0.6606268364348677,1.0
