	MGP_PahariEiJ_T0063077	ENSMAUT00000029232	MGP_CAROLIEiJ_T0052081	ENSMUST00000102713	MGP_SPRETEiJ_T0054154
MGP_PahariEiJ_T0063077	1.0	0.6553688407861008	0.9007043463322453	0.9007698887938408	0.9077819677751114
ENSMAUT00000029232	0.6553688407861008	1.0	0.6494137832427795	0.6542478125882021	0.6635381114903299
MGP_CAROLIEiJ_T0052081	0.9007043463322453	0.6494137832427795	1.0	0.9503920900102284	0.9544290834613416
ENSMUST00000102713	0.9007698887938408	0.6542478125882021	0.9503920900102284	1.0	0.972542372881356
MGP_SPRETEiJ_T0054154	0.9077819677751114	0.6635381114903299	0.9544290834613416	0.972542372881356	1.0
