	ENSMSIT00000012886	MGP_SPRETEiJ_T0082674	MGP_CAROLIEiJ_T0079341	MGP_PahariEiJ_T0016209
ENSMSIT00000012886	1.0	0.9713769207592649	0.9227985524728588	0.915114503816794
MGP_SPRETEiJ_T0082674	0.9713769207592649	1.0	0.926483880686954	0.9148871262965222
MGP_CAROLIEiJ_T0079341	0.9227985524728588	0.926483880686954	1.0	0.8946564885496183
MGP_PahariEiJ_T0016209	0.915114503816794	0.9148871262965222	0.8946564885496183	1.0
