	ENSPTET00000014185	YJR132W_mRNA
ENSPTET00000014185	1.0	0.3721010135715512
YJR132W_mRNA	0.3721010135715512	1.0
